HMS,Number of networks,SSID,RSSI,Channel number,Encryption type,BSSID,Hour,Minute,Second,Elapsed_Time,Target,Levenshtein_Distance,Time_Gap,Detection_Frequency,RSSI_Variance,Signal_Gradient,Signal_Fluctuation,Encryption_Hierarchy,Congested_Channel
2024-12-07 00:00:10,2,b,-77,6,WPA_WPA2_PSK,00:14:22:01:23:45,0,0,10,10,0,0,,51,0.9999999999999998,,0.08056872037914692,5,True
2024-12-07 00:00:10,2,c,-78,3,WEP,02:00:00:AF:CD:EE,0,0,10,10,1,2,,42,0.7577125895686414,-1.0,0.08056872037914692,2,False
2024-12-07 00:00:17,2,c,-76,4,WPA_WPA2_PSK,02:00:00:AB:CD:EF,0,0,17,17,0,0,7.0,42,0.7577125895686414,2.0,2.0,5,False
2024-12-07 00:00:17,2,b,-80,8,WPA_WPA2_PSK,02:05:02:01:23:45,0,0,17,17,1,4,7.0,51,0.9999999999999998,-4.0,-3.0,5,False
2024-12-07 00:00:24,2,d,-75,10,WPA_WPA2_PSK,18:7D:9D:0F:1A:2B,0,0,24,24,0,0,,38,0.0,5.0,0.08056872037914692,5,False
2024-12-07 00:00:24,2,e,-81,2,WPA_PSK,00:18:70:51:FF:29,0,0,24,24,1,2,,38,0.10662697037938584,-6.0,0.08056872037914692,3,False
2024-12-07 00:00:32,2,e,-76,2,WPA_WPA2_PSK,00:1A:70:51:FF:2B,0,0,32,32,0,0,8.0,38,0.10662697037938584,5.0,5.0,5,False
2024-12-07 00:00:32,2,d,-83,10,WEP,18:7D:9D:1F:1B:2B,0,0,32,32,1,2,8.0,38,0.0,-7.0,-8.0,2,False
2024-12-07 00:00:39,2,a,-71,13,WPA_WPA2_PSK,40:33:06:5B:E2:85,0,0,39,39,0,0,,47,0.35002042531724054,12.0,0.08056872037914692,5,False
2024-12-07 00:00:39,2,d,-84,12,Open,18:7D:9D:8F:1A:2B,0,0,39,39,1,1,7.0,38,0.0,-13.0,-1.0,1,False
2024-12-07 00:00:47,2,a,-24,12,WPA_WPA2_PSK,40:33:06:5B:E2:85,0,0,47,47,1,0,8.0,47,0.35002042531724054,60.0,47.0,5,False
2024-12-07 00:00:47,2,b,-76,6,WPA_WPA2_PSK,00:14:22:01:23:45,0,0,47,47,0,0,30.0,51,0.9999999999999998,-52.0,4.0,5,True
2024-12-07 00:00:54,2,a,-32,14,WPA_PSK,40:33:06:4B:E2:85,0,0,54,54,1,1,7.0,47,0.35002042531724054,44.0,-8.0,3,False
2024-12-07 00:00:54,2,a,-78,13,WPA_WPA2_PSK,40:33:06:5B:E2:85,0,0,54,54,0,0,0.0,47,0.35002042531724054,-46.0,-46.0,5,False
2024-12-07 00:01:01,2,b,-32,6,WPA_PSK,08:1C:22:05:23:01,0,1,1,61,1,5,14.0,51,0.9999999999999998,46.0,44.0,3,True
2024-12-07 00:01:01,2,e,-79,2,WPA_WPA2_PSK,00:1A:70:51:FF:2B,0,1,1,61,0,0,29.0,38,0.10662697037938584,-47.0,-3.0,5,False
2024-12-07 00:01:09,2,b,-55,7,WPA_WPA2_PSK,10:14:26:81:23:46,0,1,9,69,1,4,8.0,51,0.9999999999999998,24.0,-23.0,5,False
2024-12-07 00:01:09,2,d,-75,10,WPA_WPA2_PSK,18:7D:9D:0F:1A:2B,0,1,9,69,0,0,30.0,38,0.0,-20.0,9.0,5,False
2024-12-07 00:01:16,2,a,-67,12,WEP,40:33:16:DB:E0:07,0,1,16,76,1,5,22.0,47,0.35002042531724054,8.0,11.0,2,False
2024-12-07 00:01:16,2,c,-77,4,WPA_WPA2_PSK,02:00:00:AB:CD:EF,0,1,16,76,0,0,59.0,42,0.7577125895686414,-10.0,-1.0,5,False
2024-12-07 00:01:24,2,d,-54,12,WEP,18:79:9D:0F:1A:2B,0,1,24,84,1,1,15.0,38,0.0,23.0,21.0,2,False
2024-12-07 00:01:24,2,a,-77,13,WPA_WPA2_PSK,40:33:06:5B:E2:85,0,1,24,84,0,0,8.0,47,0.35002042531724054,-23.0,-10.0,5,False
2024-12-07 00:01:31,2,e,-52,1,Open,A0:9A:60:51:FF:2B,0,1,31,91,1,3,30.0,38,0.10662697037938584,25.0,27.0,1,True
2024-12-07 00:01:31,2,b,-71,6,WPA_WPA2_PSK,00:14:22:01:23:45,0,1,31,91,0,0,22.0,51,0.9999999999999998,-19.0,-16.0,5,True
2024-12-07 00:01:38,2,c,-52,5,WPA_PSK,0A:00:00:AB:6D:EF,0,1,38,98,1,2,22.0,42,0.7577125895686414,19.0,25.0,3,False
2024-12-07 00:01:38,2,d,-73,10,WPA_WPA2_PSK,18:7D:9D:0F:1A:2B,0,1,38,98,0,0,14.0,38,0.0,-21.0,-19.0,5,False
2024-12-07 00:01:46,2,d,-55,10,WPA_WPA2_PSK,18:7D:9D:0B:1A:2B,0,1,46,106,1,1,8.0,38,0.0,18.0,18.0,5,False
2024-12-07 00:01:46,2,a,-70,13,WPA_WPA2_PSK,40:33:06:5B:E2:85,0,1,46,106,0,0,22.0,47,0.35002042531724054,-15.0,7.0,5,False
2024-12-07 00:01:53,2,d,-68,10,WPA_WPA2_PSK,18:7D:9D:0F:1A:2B,0,1,53,113,0,0,7.0,38,0.0,2.0,-13.0,5,False
2024-12-07 00:01:53,2,b,-78,6,WPA_WPA2_PSK,00:14:02:01:23:45,0,1,53,113,1,1,22.0,51,0.9999999999999998,-10.0,-7.0,5,True
2024-12-07 00:02:01,2,d,-70,10,WPA_WPA2_PSK,18:7D:9D:0F:1A:2B,0,2,1,121,0,0,8.0,38,0.0,8.0,-2.0,5,False
2024-12-07 00:02:01,2,c,-77,3,WPA_WPA2_PSK,02:08:00:AB:CD:EF,0,2,1,121,1,1,23.0,42,0.7577125895686414,-7.0,-25.0,5,False
2024-12-07 00:02:08,2,b,-70,6,WPA_WPA2_PSK,00:14:22:01:23:45,0,2,8,128,0,0,15.0,51,0.9999999999999998,7.0,8.0,5,True
2024-12-07 00:02:08,2,e,-74,1,WPA_WPA2_PSK,00:1B:70:51:FF:29,0,2,8,128,1,2,37.0,38,0.10662697037938584,-4.0,-22.0,5,True
2024-12-07 00:02:15,2,b,-35,8,WPA_PSK,12:14:22:22:23:45,0,2,15,135,1,4,7.0,51,0.9999999999999998,39.0,35.0,3,False
2024-12-07 00:02:15,2,c,-67,4,WPA_WPA2_PSK,02:00:00:AB:CD:EF,0,2,15,135,0,0,14.0,42,0.7577125895686414,-32.0,10.0,5,False
2024-12-07 00:02:23,2,d,-48,12,WEP,18:7D:9D:0F:1A:2B,0,2,23,143,1,0,22.0,38,0.0,19.0,22.0,2,False
2024-12-07 00:02:23,2,e,-66,2,WPA_WPA2_PSK,00:1A:70:51:FF:2B,0,2,23,143,0,0,15.0,38,0.10662697037938584,-18.0,8.0,5,False
2024-12-07 00:02:30,2,b,-49,8,WPA_WPA2_PSK,00:14:A2:01:23:45,0,2,30,150,1,1,15.0,51,0.9999999999999998,17.0,-14.0,5,False
2024-12-07 00:02:30,2,d,-68,10,WPA_WPA2_PSK,18:7D:9D:0F:1A:2B,0,2,30,150,0,0,7.0,38,0.0,-19.0,-20.0,5,False
2024-12-07 00:02:38,2,a,-48,14,WEP,40:32:86:5B:EA:B5,0,2,38,158,1,4,52.0,47,0.35002042531724054,20.0,22.0,2,False
2024-12-07 00:02:38,2,b,-68,6,WPA_WPA2_PSK,00:14:22:01:23:45,0,2,38,158,0,0,8.0,51,0.9999999999999998,-20.0,-19.0,5,True
2024-12-07 00:02:45,2,d,-48,12,Open,18:7D:9D:0F:1A:2B,0,2,45,165,1,0,15.0,38,0.0,20.0,20.0,1,False
2024-12-07 00:02:45,2,d,-67,10,WPA_WPA2_PSK,18:7D:9D:0F:1A:2B,0,2,45,165,0,0,0.0,38,0.0,-19.0,-19.0,5,False
2024-12-07 00:02:53,2,d,-48,11,WPA_WPA2_PSK,18:7D:9C:07:1A:2B,0,2,53,173,1,2,8.0,38,0.0,19.0,19.0,5,True
2024-12-07 00:02:53,2,c,-68,4,WPA_WPA2_PSK,02:00:00:AB:CD:EF,0,2,53,173,0,0,38.0,42,0.7577125895686414,-20.0,-1.0,5,False
2024-12-07 00:03:00,2,a,-47,12,WPA_PSK,40:33:06:59:E2:85,0,3,0,180,1,1,22.0,47,0.35002042531724054,21.0,1.0,3,False
2024-12-07 00:03:00,2,a,-68,13,WPA_WPA2_PSK,40:33:06:5B:E2:85,0,3,0,180,0,0,0.0,47,0.35002042531724054,-21.0,-21.0,5,False
2024-12-07 00:03:07,2,a,-48,12,WPA_WPA2_PSK,40:72:06:5B:F2:85,0,3,7,187,1,3,7.0,47,0.35002042531724054,20.0,20.0,5,False
2024-12-07 00:03:07,2,d,-69,10,WPA_WPA2_PSK,18:7D:9D:0F:1A:2B,0,3,7,187,0,0,14.0,38,0.0,-21.0,-21.0,5,False
2024-12-07 00:03:15,2,e,-48,1,WPA_PSK,20:12:72:51:FF:2B,0,3,15,195,1,3,52.0,38,0.10662697037938584,21.0,18.0,3,True
2024-12-07 00:03:15,2,c,-68,4,WPA_WPA2_PSK,02:00:00:AB:CD:EF,0,3,15,195,0,0,22.0,42,0.7577125895686414,-20.0,0.0,5,False
2024-12-07 00:03:22,2,a,-49,14,WPA_WPA2_PSK,40:33:06:5B:E2:85,0,3,22,202,1,0,15.0,47,0.35002042531724054,19.0,-1.0,5,False
2024-12-07 00:03:22,2,c,-69,4,WPA_WPA2_PSK,02:00:00:AB:CD:EF,0,3,22,202,0,0,7.0,42,0.7577125895686414,-20.0,-1.0,5,False
2024-12-07 00:03:30,2,d,-50,10,WPA2_PSK,18:7D:9F:8F:3A:0B,0,3,30,210,1,4,23.0,38,0.0,19.0,19.0,4,False
2024-12-07 00:03:30,2,b,-70,6,WPA_WPA2_PSK,00:14:22:01:23:45,0,3,30,210,0,0,52.0,51,0.9999999999999998,-20.0,-2.0,5,True
2024-12-07 00:03:37,2,d,-50,10,WPA_PSK,08:79:9D:0F:18:23,0,3,37,217,1,4,7.0,38,0.0,20.0,0.0,3,False
2024-12-07 00:03:37,2,b,-72,6,WPA_WPA2_PSK,00:14:22:01:23:45,0,3,37,217,0,0,7.0,51,0.9999999999999998,-22.0,-2.0,5,True
2024-12-07 00:03:44,2,e,-70,3,WPA_PSK,00:1A:F2:41:FD:29,0,3,44,224,1,5,29.0,38,0.10662697037938584,2.0,-22.0,3,False
2024-12-07 00:03:44,2,b,-72,6,WPA_WPA2_PSK,00:14:22:01:23:45,0,3,44,224,0,0,7.0,51,0.9999999999999998,-2.0,0.0,5,True
2024-12-07 00:03:52,2,c,-69,4,WPA_WPA2_PSK,02:00:00:AB:CD:EF,0,3,52,232,0,0,30.0,42,0.7577125895686414,3.0,0.0,5,False
2024-12-07 00:03:52,2,d,-70,10,WPA_WPA2_PSK,38:5D:9D:0F:0A:0B,0,3,52,232,1,4,15.0,38,0.0,-1.0,-20.0,5,False
2024-12-07 00:03:59,2,e,-67,2,WPA_WPA2_PSK,00:1A:70:51:FF:2B,0,3,59,239,0,0,15.0,38,0.10662697037938584,3.0,3.0,5,False
2024-12-07 00:03:59,2,c,-68,5,WPA_WPA2_PSK,82:00:01:A3:C5:EE,0,3,59,239,1,5,7.0,42,0.7577125895686414,-1.0,1.0,5,False
2024-12-07 00:04:07,2,e,-67,2,WPA_PSK,00:1A:70:51:FF:2B,0,4,7,247,1,0,8.0,38,0.10662697037938584,1.0,0.0,3,False
2024-12-07 00:04:07,2,c,-67,4,WPA_WPA2_PSK,02:00:00:AB:CD:EF,0,4,7,247,0,0,8.0,42,0.7577125895686414,0.0,1.0,5,False
2024-12-07 00:04:14,2,a,-67,14,Open,40:91:06:5B:F2:85,0,4,14,254,1,3,52.0,47,0.35002042531724054,0.0,-18.0,1,False
2024-12-07 00:04:14,2,a,-67,13,WPA_WPA2_PSK,40:33:06:5B:E2:85,0,4,14,254,0,0,0.0,47,0.35002042531724054,0.0,0.0,5,False
2024-12-07 00:04:21,2,b,-67,6,WPA_PSK,00:16:22:01:A3:45,0,4,21,261,1,2,37.0,51,0.9999999999999998,0.0,5.0,3,True
2024-12-07 00:04:21,2,a,-68,13,WPA_WPA2_PSK,40:33:06:5B:E2:85,0,4,21,261,0,0,7.0,47,0.35002042531724054,-1.0,-1.0,5,False
2024-12-07 00:04:29,2,b,-67,7,WPA_WPA2_PSK,00:36:33:01:23:C5,0,4,29,269,1,5,8.0,51,0.9999999999999998,1.0,0.0,5,False
2024-12-07 00:04:29,2,d,-67,10,WPA_WPA2_PSK,18:7D:9D:0F:1A:2B,0,4,29,269,0,0,37.0,38,0.0,0.0,3.0,5,False
2024-12-07 00:04:36,2,c,-69,3,WPA2_PSK,02:00:00:AB:C1:EF,0,4,36,276,1,1,29.0,42,0.7577125895686414,-2.0,-2.0,4,False
2024-12-07 00:04:36,2,a,-70,13,WPA_WPA2_PSK,40:33:06:5B:E2:85,0,4,36,276,0,0,15.0,47,0.35002042531724054,-1.0,-2.0,5,False
2024-12-07 00:04:44,2,e,-69,1,WPA_PSK,10:1A:70:57:FF:2B,0,4,44,284,1,2,37.0,38,0.10662697037938584,1.0,-2.0,3,True
2024-12-07 00:04:44,2,a,-69,13,WPA_WPA2_PSK,40:33:06:5B:E2:85,0,4,44,284,0,0,8.0,47,0.35002042531724054,0.0,1.0,5,False
2024-12-07 00:04:51,2,b,-68,8,WPA_WPA2_PSK,00:14:22:01:26:65,0,4,51,291,1,2,22.0,51,0.9999999999999998,1.0,-1.0,5,False
2024-12-07 00:04:51,2,a,-69,13,WPA_WPA2_PSK,40:33:06:5B:E2:85,0,4,51,291,0,0,7.0,47,0.35002042531724054,-1.0,0.0,5,False
2024-12-07 00:04:58,2,b,-68,7,Open,90:14:22:01:23:45,0,4,58,298,1,1,7.0,51,0.9999999999999998,1.0,0.0,1,False
2024-12-07 00:04:58,2,a,-70,13,WPA_WPA2_PSK,40:33:06:5B:E2:85,0,4,58,298,0,0,7.0,47,0.35002042531724054,-2.0,-1.0,5,False
2024-12-07 00:05:06,2,e,-70,2,WPA_WPA2_PSK,00:1A:70:51:FF:23,0,5,6,306,1,1,22.0,38,0.10662697037938584,0.0,-1.0,5,False
2024-12-07 00:05:06,2,e,-70,2,WPA_WPA2_PSK,00:1A:70:51:FF:2B,0,5,6,306,0,0,0.0,38,0.10662697037938584,0.0,0.0,5,False
2024-12-07 00:05:13,2,a,-56,13,WPA_PSK,40:33:26:5B:E6:85,0,5,13,313,1,2,15.0,47,0.35002042531724054,14.0,14.0,3,False
2024-12-07 00:05:13,2,e,-70,2,WPA_WPA2_PSK,00:1A:70:51:FF:2B,0,5,13,313,0,0,7.0,38,0.10662697037938584,-14.0,0.0,5,False
2024-12-07 00:05:21,2,c,-58,3,Open,02:88:10:AB:C5:EF,0,5,21,321,1,4,45.0,42,0.7577125895686414,12.0,11.0,1,False
2024-12-07 00:05:21,2,b,-69,6,WPA_WPA2_PSK,00:14:22:01:23:45,0,5,21,321,0,0,23.0,51,0.9999999999999998,-11.0,-1.0,5,True
2024-12-07 00:05:28,2,e,-58,2,WPA2_PSK,08:1A:70:11:FF:2A,0,5,28,328,1,3,15.0,38,0.10662697037938584,11.0,12.0,4,False
2024-12-07 00:05:28,2,c,-68,4,WPA_WPA2_PSK,02:00:00:AB:CD:EF,0,5,28,328,0,0,7.0,42,0.7577125895686414,-10.0,-10.0,5,False
2024-12-07 00:05:36,2,a,-58,12,WPA2_PSK,10:31:06:DB:E2:87,0,5,36,336,1,4,23.0,47,0.35002042531724054,10.0,-2.0,4,False
2024-12-07 00:05:36,2,a,-68,13,WPA_WPA2_PSK,40:33:06:5B:E2:85,0,5,36,336,0,0,0.0,47,0.35002042531724054,-10.0,-10.0,5,False
2024-12-07 00:05:43,2,a,-58,14,WPA_WPA2_PSK,40:37:06:59:E2:85,0,5,43,343,1,2,7.0,47,0.35002042531724054,10.0,10.0,5,False
2024-12-07 00:05:43,2,b,-68,6,WPA_WPA2_PSK,00:14:22:01:23:45,0,5,43,343,0,0,22.0,51,0.9999999999999998,-10.0,1.0,5,True
2024-12-07 00:05:50,2,a,-55,13,Open,40:33:06:4B:E2:85,0,5,50,350,1,1,7.0,47,0.35002042531724054,13.0,3.0,1,False
2024-12-07 00:05:50,2,b,-79,6,WPA_WPA2_PSK,00:14:22:01:23:45,0,5,50,350,0,0,7.0,51,0.9999999999999998,-24.0,-11.0,5,True
2024-12-07 00:05:58,2,b,-69,8,WPA_WPA2_PSK,00:14:A2:01:03:45,0,5,58,358,1,2,8.0,51,0.9999999999999998,10.0,10.0,5,False
2024-12-07 00:05:58,2,c,-74,4,WPA_WPA2_PSK,02:00:00:AB:CD:EF,0,5,58,358,0,0,30.0,42,0.7577125895686414,-5.0,-6.0,5,False
2024-12-07 00:06:05,2,e,-75,1,WEP,00:1A:72:51:FF:2B,0,6,5,365,1,1,37.0,38,0.10662697037938584,-1.0,-17.0,2,True
2024-12-07 00:06:05,2,a,-75,13,WPA_WPA2_PSK,40:33:06:5B:E2:85,0,6,5,365,0,0,15.0,47,0.35002042531724054,0.0,-20.0,5,False
2024-12-07 00:06:13,2,a,-64,14,WEP,40:33:04:59:A2:85,0,6,13,373,1,3,8.0,47,0.35002042531724054,11.0,11.0,2,False
2024-12-07 00:06:13,2,a,-76,13,WPA_WPA2_PSK,40:33:06:5B:E2:85,0,6,13,373,0,0,0.0,47,0.35002042531724054,-12.0,-12.0,5,False
2024-12-07 00:06:20,2,e,-58,3,WPA2_PSK,08:1A:60:55:FF:2F,0,6,20,380,1,4,15.0,38,0.10662697037938584,18.0,17.0,4,False
2024-12-07 00:06:20,2,d,-74,10,WPA_WPA2_PSK,18:7D:9D:0F:1A:2B,0,6,20,380,0,0,111.0,38,0.0,-16.0,-7.0,5,False
2024-12-07 00:06:27,2,c,-64,4,WEP,02:00:00:2F:CD:CF,0,6,27,387,1,3,29.0,42,0.7577125895686414,10.0,10.0,2,False
2024-12-07 00:06:27,2,c,-86,4,WPA_WPA2_PSK,02:00:00:AB:CD:EF,0,6,27,387,0,0,0.0,42,0.7577125895686414,-22.0,-22.0,5,False
2024-12-07 00:06:35,2,a,-64,14,WPA_PSK,52:33:04:53:E2:81,0,6,35,395,1,5,22.0,47,0.35002042531724054,22.0,12.0,3,False
2024-12-07 00:06:35,2,b,-80,6,WPA_WPA2_PSK,00:14:22:01:23:45,0,6,35,395,0,0,37.0,51,0.9999999999999998,-16.0,-11.0,5,True
2024-12-07 00:06:42,2,b,-64,7,WEP,20:14:22:01:23:45,0,6,42,402,1,1,7.0,51,0.9999999999999998,16.0,16.0,2,False
2024-12-07 00:06:42,2,d,-83,10,WPA_WPA2_PSK,18:7D:9D:0F:1A:2B,0,6,42,402,0,0,22.0,38,0.0,-19.0,-9.0,5,False
2024-12-07 00:06:50,2,a,-62,12,WEP,41:33:86:5B:E1:85,0,6,50,410,1,3,15.0,47,0.35002042531724054,21.0,2.0,2,False
2024-12-07 00:06:50,2,c,-72,4,WPA_WPA2_PSK,02:00:00:AB:CD:EF,0,6,50,410,0,0,23.0,42,0.7577125895686414,-10.0,14.0,5,False
2024-12-07 00:06:57,2,b,-61,7,Open,00:14:22:01:23:45,0,6,57,417,1,0,15.0,51,0.9999999999999998,11.0,3.0,1,False
2024-12-07 00:06:57,2,b,-74,6,WPA_WPA2_PSK,00:14:22:01:23:45,0,6,57,417,0,0,0.0,51,0.9999999999999998,-13.0,-13.0,5,True
2024-12-07 00:07:04,2,b,-60,8,Open,20:54:22:09:23:55,0,7,4,424,1,4,7.0,51,0.9999999999999998,14.0,14.0,1,False
2024-12-07 00:07:04,2,d,-74,10,WPA_WPA2_PSK,18:7D:9D:0F:1A:2B,0,7,4,424,0,0,22.0,38,0.0,-14.0,9.0,5,False
2024-12-07 00:07:12,2,a,-75,13,WPA_WPA2_PSK,40:33:06:5B:E2:85,0,7,12,432,0,0,22.0,47,0.35002042531724054,-1.0,-13.0,5,False
2024-12-07 00:07:12,2,d,-76,11,WPA2_PSK,19:7E:9D:07:1A:2B,0,7,12,432,1,3,8.0,38,0.0,-1.0,-2.0,4,True
2024-12-07 00:07:19,2,a,-77,13,WPA_WPA2_PSK,40:F3:86:5B:A2:85,0,7,19,439,1,3,7.0,47,0.35002042531724054,-1.0,-2.0,5,False
2024-12-07 00:07:19,2,b,-77,6,WPA_WPA2_PSK,00:14:22:01:23:45,0,7,19,439,0,0,15.0,51,0.9999999999999998,0.0,-17.0,5,True
2024-12-07 00:07:27,2,d,-75,12,WPA_WPA2_PSK,98:7D:9D:0F:1A:29,0,7,27,447,1,2,15.0,38,0.0,2.0,1.0,5,False
2024-12-07 00:07:27,2,c,-76,4,WPA_WPA2_PSK,02:00:00:AB:CD:EF,0,7,27,447,0,0,37.0,42,0.7577125895686414,-1.0,-4.0,5,False
2024-12-07 00:07:34,2,c,-75,4,WPA_WPA2_PSK,02:00:00:AB:CD:EF,0,7,34,454,0,0,7.0,42,0.7577125895686414,1.0,1.0,5,False
2024-12-07 00:07:34,2,c,-86,4,Open,02:00:00:09:4D:EF,0,7,34,454,1,3,0.0,42,0.7577125895686414,-11.0,-11.0,1,False
2024-12-07 00:07:41,2,a,-74,13,WPA_WPA2_PSK,40:33:06:5B:E2:85,0,7,41,461,0,0,22.0,47,0.35002042531724054,12.0,3.0,5,False
2024-12-07 00:07:41,2,b,-77,7,WPA_WPA2_PSK,00:14:26:41:23:45,0,7,41,461,1,2,22.0,51,0.9999999999999998,-3.0,0.0,5,False
2024-12-07 00:07:49,2,e,-75,2,WPA_WPA2_PSK,00:1A:70:51:FF:2B,0,7,49,469,0,0,89.0,38,0.10662697037938584,2.0,-17.0,5,False
2024-12-07 00:07:49,2,c,-77,4,WPA_PSK,02:00:22:AB:CD:EF,0,7,49,469,1,2,15.0,42,0.7577125895686414,-2.0,9.0,3,False
2024-12-07 00:07:56,2,b,-72,6,WPA_WPA2_PSK,00:14:22:01:23:45,0,7,56,476,0,0,15.0,51,0.9999999999999998,5.0,5.0,5,True
2024-12-07 00:07:56,2,e,-79,3,WPA_WPA2_PSK,00:1A:70:51:F7:2B,0,7,56,476,1,1,7.0,38,0.10662697037938584,-7.0,-4.0,5,False
2024-12-07 00:08:04,2,c,-60,4,Open,02:10:01:BB:CD:EE,0,8,4,484,1,4,15.0,42,0.7577125895686414,19.0,17.0,1,False
2024-12-07 00:08:04,2,e,-73,2,WPA_WPA2_PSK,00:1A:70:51:FF:2B,0,8,4,484,0,0,8.0,38,0.10662697037938584,-13.0,6.0,5,False
2024-12-07 00:08:11,2,e,-54,3,WEP,00:1A:50:51:FF:0B,0,8,11,491,1,2,7.0,38,0.10662697037938584,19.0,19.0,2,False
2024-12-07 00:08:11,2,e,-72,2,WPA_WPA2_PSK,00:1A:70:51:FF:2B,0,8,11,491,0,0,0.0,38,0.10662697037938584,-18.0,-18.0,5,False
2024-12-07 00:08:19,2,b,-53,6,Open,24:54:22:01:3B:45,0,8,19,499,1,5,23.0,51,0.9999999999999998,19.0,19.0,1,True
2024-12-07 00:08:19,2,e,-72,2,WPA_WPA2_PSK,00:1A:70:51:FF:2B,0,8,19,499,0,0,8.0,38,0.10662697037938584,-19.0,0.0,5,False
2024-12-07 00:08:26,2,d,-56,12,WPA_PSK,18:7D:9C:0F:1A:2B,0,8,26,506,1,1,59.0,38,0.0,16.0,19.0,3,False
2024-12-07 00:08:26,2,a,-92,13,WPA_WPA2_PSK,40:33:06:5B:E2:85,0,8,26,506,0,0,45.0,47,0.35002042531724054,-36.0,-18.0,5,False
2024-12-07 00:08:33,2,b,-66,8,WPA2_PSK,20:10:22:41:33:45,0,8,33,513,1,4,14.0,51,0.9999999999999998,26.0,-13.0,4,False
2024-12-07 00:08:33,2,c,-75,4,WPA_WPA2_PSK,02:00:00:AB:CD:EF,0,8,33,513,0,0,29.0,42,0.7577125895686414,-9.0,-15.0,5,False
2024-12-07 00:08:41,2,b,-32,7,WPA2_PSK,00:34:22:01:23:45,0,8,41,521,1,1,8.0,51,0.9999999999999998,43.0,34.0,4,False
2024-12-07 00:08:41,2,e,-74,2,WPA_WPA2_PSK,00:1A:70:51:FF:2B,0,8,41,521,0,0,22.0,38,0.10662697037938584,-42.0,-2.0,5,False
2024-12-07 00:08:48,2,b,-33,8,WPA2_PSK,00:90:22:05:63:45,0,8,48,528,1,4,7.0,51,0.9999999999999998,41.0,-1.0,4,False
2024-12-07 00:08:48,2,c,-73,4,WPA_WPA2_PSK,02:00:00:AB:CD:EF,0,8,48,528,0,0,15.0,42,0.7577125895686414,-40.0,2.0,5,False
2024-12-07 00:08:56,2,e,-34,3,WPA2_PSK,00:1A:70:71:FF:2B,0,8,56,536,1,1,15.0,38,0.10662697037938584,39.0,40.0,4,False
2024-12-07 00:08:56,2,b,-74,6,WPA_WPA2_PSK,00:14:22:01:23:45,0,8,56,536,0,0,8.0,51,0.9999999999999998,-40.0,-41.0,5,True
2024-12-07 00:09:03,2,c,-28,5,WPA_PSK,4B:00:04:AB:ED:EF,0,9,3,543,1,4,15.0,42,0.7577125895686414,46.0,45.0,3,False
2024-12-07 00:09:03,2,b,-75,6,WPA_WPA2_PSK,00:14:22:01:23:45,0,9,3,543,0,0,7.0,51,0.9999999999999998,-47.0,-1.0,5,True
2024-12-07 00:09:10,2,c,-24,5,WPA2_PSK,02:00:40:AA:CD:6F,0,9,10,550,1,3,7.0,42,0.7577125895686414,51.0,4.0,4,False
2024-12-07 00:09:10,2,d,-73,10,WPA_WPA2_PSK,18:7D:9D:0F:1A:2B,0,9,10,550,0,0,44.0,38,0.0,-49.0,-17.0,5,False
2024-12-07 00:09:18,2,a,-72,13,WPA_WPA2_PSK,40:33:06:5B:E2:85,0,9,18,558,0,0,52.0,47,0.35002042531724054,1.0,20.0,5,False
2024-12-07 00:09:18,2,b,-87,6,Open,00:14:22:09:23:45,0,9,18,558,1,1,15.0,51,0.9999999999999998,-15.0,-12.0,1,True
2024-12-07 00:09:25,2,b,-30,6,Open,20:04:02:01:2A:45,0,9,25,565,1,4,7.0,51,0.9999999999999998,57.0,57.0,1,True
2024-12-07 00:09:25,2,c,-75,4,WPA_WPA2_PSK,02:00:00:AB:CD:EF,0,9,25,565,0,0,15.0,42,0.7577125895686414,-45.0,-51.0,5,False
2024-12-07 00:09:33,2,b,-25,7,WEP,20:14:22:01:07:47,0,9,33,573,1,4,8.0,51,0.9999999999999998,50.0,5.0,2,False
2024-12-07 00:09:33,2,d,-74,10,WPA_WPA2_PSK,18:7D:9D:0F:1A:2B,0,9,33,573,0,0,23.0,38,0.0,-49.0,-1.0,5,False
2024-12-07 00:09:40,2,d,-48,10,WPA_WPA2_PSK,1C:7D:9D:0F:3A:2B,0,9,40,580,1,2,7.0,38,0.0,26.0,26.0,5,False
2024-12-07 00:09:40,2,a,-79,13,WPA_WPA2_PSK,40:33:06:5B:E2:85,0,9,40,580,0,0,22.0,47,0.35002042531724054,-31.0,-7.0,5,False
2024-12-07 00:09:47,2,a,-51,13,Open,60:33:20:5B:E2:95,0,9,47,587,1,4,7.0,47,0.35002042531724054,28.0,28.0,1,False
2024-12-07 00:09:47,2,c,-74,4,WPA_WPA2_PSK,02:00:00:AB:CD:EF,0,9,47,587,0,0,22.0,42,0.7577125895686414,-23.0,1.0,5,False
2024-12-07 00:09:55,2,b,-51,8,WPA_WPA2_PSK,08:14:22:01:2D:65,0,9,55,595,1,3,22.0,51,0.9999999999999998,23.0,-26.0,5,False
2024-12-07 00:09:55,2,e,-79,2,WPA_WPA2_PSK,00:1A:70:51:FF:2B,0,9,55,595,0,0,59.0,38,0.10662697037938584,-28.0,-45.0,5,False
2024-12-07 00:10:02,2,c,-49,5,WPA2_PSK,12:20:00:AB:CD:EF,0,10,2,602,1,2,15.0,42,0.7577125895686414,30.0,25.0,4,False
2024-12-07 00:10:02,2,d,-77,10,WPA_WPA2_PSK,18:7D:9D:0F:1A:2B,0,10,2,602,0,0,22.0,38,0.0,-28.0,-29.0,5,False
2024-12-07 00:10:10,2,d,-51,12,WPA_PSK,08:7D:BC:0F:1A:0B,0,10,10,610,1,4,8.0,38,0.0,26.0,26.0,3,False
2024-12-07 00:10:10,2,a,-77,13,WPA_WPA2_PSK,40:33:06:5B:E2:85,0,10,10,610,0,0,23.0,47,0.35002042531724054,-26.0,-26.0,5,False
2024-12-07 00:10:17,2,e,-71,2,WPA_WPA2_PSK,00:1A:70:51:FF:2B,0,10,17,617,0,0,22.0,38,0.10662697037938584,6.0,8.0,5,False
2024-12-07 00:10:17,2,c,-75,3,WPA_PSK,02:00:00:23:ED:AF,0,10,17,617,1,4,15.0,42,0.7577125895686414,-4.0,-26.0,3,False
2024-12-07 00:10:24,2,a,-74,13,WPA_WPA2_PSK,40:33:06:5B:E2:85,0,10,24,624,0,0,14.0,47,0.35002042531724054,1.0,3.0,5,False
2024-12-07 00:10:24,2,b,-87,6,WPA_PSK,00:14:22:43:23:45,0,10,24,624,1,2,29.0,51,0.9999999999999998,-13.0,-36.0,3,True
2024-12-07 00:10:32,2,c,-74,4,WPA_WPA2_PSK,02:00:00:AB:CD:EF,0,10,32,632,0,0,15.0,42,0.7577125895686414,13.0,1.0,5,False
2024-12-07 00:10:32,2,a,-82,12,WPA2_PSK,40:33:04:1B:62:05,0,10,32,632,1,4,8.0,47,0.35002042531724054,-8.0,-8.0,4,False
2024-12-07 00:10:39,2,b,-73,6,WPA_WPA2_PSK,00:14:22:01:23:45,0,10,39,639,0,0,15.0,51,0.9999999999999998,9.0,14.0,5,True
2024-12-07 00:10:39,2,a,-82,13,WPA_WPA2_PSK,40:33:06:5B:EA:81,0,10,39,639,1,2,7.0,47,0.35002042531724054,-9.0,0.0,5,False
2024-12-07 00:10:47,2,d,-73,10,WPA_WPA2_PSK,18:7D:9D:0F:1A:2B,0,10,47,647,0,0,37.0,38,0.0,9.0,-22.0,5,False
2024-12-07 00:10:47,2,e,-78,1,WPA2_PSK,10:1A:70:51:FF:2B,0,10,47,647,1,1,30.0,38,0.10662697037938584,-5.0,-7.0,4,True
2024-12-07 00:10:54,2,d,-73,10,WPA_WPA2_PSK,18:7D:9D:0F:1A:2B,0,10,54,654,0,0,7.0,38,0.0,5.0,0.0,5,False
2024-12-07 00:10:54,2,b,-78,8,Open,00:14:22:01:23:45,0,10,54,654,1,0,15.0,51,0.9999999999999998,-5.0,-5.0,1,False
2024-12-07 00:11:02,2,c,-73,4,WPA_WPA2_PSK,02:00:00:AB:CD:EF,0,11,2,662,0,0,30.0,42,0.7577125895686414,5.0,1.0,5,False
2024-12-07 00:11:02,2,b,-81,8,WPA_PSK,01:15:82:01:23:45,0,11,2,662,1,3,8.0,51,0.9999999999999998,-8.0,-3.0,3,False
2024-12-07 00:11:09,2,d,-73,10,WPA_WPA2_PSK,18:7D:9D:0F:1A:2B,0,11,9,669,0,0,15.0,38,0.0,8.0,0.0,5,False
2024-12-07 00:11:09,2,e,-79,2,WEP,00:0A:70:50:FD:2B,0,11,9,669,1,3,22.0,38,0.10662697037938584,-6.0,-1.0,2,False
2024-12-07 00:11:16,2,b,-74,6,WPA_WPA2_PSK,00:14:22:01:23:45,0,11,16,676,0,0,14.0,51,0.9999999999999998,5.0,7.0,5,True
2024-12-07 00:11:16,2,e,-81,3,WEP,02:1A:70:41:FF:2B,0,11,16,676,1,2,7.0,38,0.10662697037938584,-7.0,-2.0,2,False
2024-12-07 00:11:24,2,b,-59,8,WPA_PSK,00:14:36:81:23:45,0,11,24,684,1,3,8.0,51,0.9999999999999998,22.0,15.0,3,False
2024-12-07 00:11:24,2,b,-74,6,WPA_WPA2_PSK,00:14:22:01:23:45,0,11,24,684,0,0,0.0,51,0.9999999999999998,-15.0,-15.0,5,True
2024-12-07 00:11:31,2,e,-64,3,WPA2_PSK,00:1A:78:51:FF:2B,0,11,31,691,1,1,15.0,38,0.10662697037938584,10.0,17.0,4,False
2024-12-07 00:11:31,2,c,-72,4,WPA_WPA2_PSK,02:00:00:AB:CD:EF,0,11,31,691,0,0,29.0,42,0.7577125895686414,-8.0,1.0,5,False
2024-12-07 00:11:39,2,c,-33,4,WPA2_PSK,02:00:00:AB:CD:EF,0,11,39,699,1,0,8.0,42,0.7577125895686414,39.0,39.0,4,False
2024-12-07 00:11:39,2,c,-85,4,WPA_WPA2_PSK,02:00:00:AB:CD:EF,0,11,39,699,0,0,0.0,42,0.7577125895686414,-52.0,-52.0,5,False
2024-12-07 00:11:46,2,d,-36,11,WPA_WPA2_PSK,18:5D:95:8F:1A:2B,0,11,46,706,1,3,37.0,38,0.0,49.0,37.0,5,True
2024-12-07 00:11:46,2,a,-79,13,WPA_WPA2_PSK,40:33:06:5B:E2:85,0,11,46,706,0,0,67.0,47,0.35002042531724054,-43.0,3.0,5,False
2024-12-07 00:11:53,2,c,-35,5,Open,02:00:00:AB:CD:EF,0,11,53,713,1,0,14.0,42,0.7577125895686414,44.0,50.0,1,False
2024-12-07 00:11:53,2,c,-79,4,WPA_WPA2_PSK,02:00:00:AB:CD:EF,0,11,53,713,0,0,0.0,42,0.7577125895686414,-44.0,-44.0,5,False
2024-12-07 00:12:01,2,a,-34,14,WEP,40:33:06:5B:E2:85,0,12,1,721,1,0,15.0,47,0.35002042531724054,45.0,45.0,2,False
2024-12-07 00:12:01,2,d,-79,10,WPA_WPA2_PSK,18:7D:9D:0F:1A:2B,0,12,1,721,0,0,15.0,38,0.0,-45.0,-43.0,5,False
2024-12-07 00:12:08,2,a,-61,13,Open,40:B3:06:5B:E0:81,0,12,8,728,1,3,7.0,47,0.35002042531724054,18.0,-27.0,1,False
2024-12-07 00:12:08,2,e,-70,2,WPA_WPA2_PSK,00:1A:70:51:FF:2B,0,12,8,728,0,0,37.0,38,0.10662697037938584,-9.0,-6.0,5,False
2024-12-07 00:12:16,2,e,-65,2,WPA2_PSK,00:1A:62:51:FE:2B,0,12,16,736,1,3,8.0,38,0.10662697037938584,5.0,5.0,4,False
2024-12-07 00:12:16,2,a,-73,13,WPA_WPA2_PSK,40:33:06:5B:E2:85,0,12,16,736,0,0,8.0,47,0.35002042531724054,-8.0,-12.0,5,False
2024-12-07 00:12:23,2,c,-65,5,Open,0A:10:00:BB:CD:EF,0,12,23,743,1,3,30.0,42,0.7577125895686414,8.0,14.0,1,False
2024-12-07 00:12:23,2,a,-72,13,WPA_WPA2_PSK,40:33:06:5B:E2:85,0,12,23,743,0,0,7.0,47,0.35002042531724054,-7.0,1.0,5,False
2024-12-07 00:12:30,2,a,-65,14,WPA_WPA2_PSK,40:3B:06:59:AA:85,0,12,30,750,1,4,7.0,47,0.35002042531724054,7.0,7.0,5,False
2024-12-07 00:12:30,2,d,-71,10,WPA_WPA2_PSK,18:7D:9D:0F:1A:2B,0,12,30,750,0,0,29.0,38,0.0,-6.0,8.0,5,False
2024-12-07 00:12:38,2,d,-65,12,WPA2_PSK,18:7D:15:0D:1A:0B,0,12,38,758,1,4,8.0,38,0.0,6.0,6.0,4,False
2024-12-07 00:12:38,2,c,-72,4,WPA_WPA2_PSK,02:00:00:AB:CD:EF,0,12,38,758,0,0,15.0,42,0.7577125895686414,-7.0,-7.0,5,False
2024-12-07 00:12:45,2,e,-60,1,WPA2_PSK,00:1A:70:51:DF:2B,0,12,45,765,1,1,29.0,38,0.10662697037938584,12.0,5.0,4,True
2024-12-07 00:12:45,2,b,-74,6,WPA_WPA2_PSK,00:14:22:01:23:45,0,12,45,765,0,0,81.0,51,0.9999999999999998,-14.0,0.0,5,True
2024-12-07 00:12:53,2,e,-42,1,WPA_WPA2_PSK,00:1A:70:51:FF:6B,0,12,53,773,1,1,8.0,38,0.10662697037938584,32.0,18.0,5,True
2024-12-07 00:12:53,2,d,-92,10,WPA_WPA2_PSK,18:7D:9D:0F:1A:2B,0,12,53,773,0,0,15.0,38,0.0,-50.0,-27.0,5,False
2024-12-07 00:13:00,2,c,-37,4,WPA_PSK,03:08:A0:AA:CD:EF,0,13,0,780,1,4,22.0,42,0.7577125895686414,55.0,35.0,3,False
2024-12-07 00:13:00,2,e,-82,2,WPA_WPA2_PSK,00:1A:70:51:FF:2B,0,13,0,780,0,0,7.0,38,0.10662697037938584,-45.0,-40.0,5,False
2024-12-07 00:13:07,2,e,-25,2,WPA2_PSK,01:1A:70:51:FF:2B,0,13,7,787,1,1,7.0,38,0.10662697037938584,57.0,57.0,4,False
2024-12-07 00:13:07,2,a,-86,13,WPA_WPA2_PSK,40:33:06:5B:E2:85,0,13,7,787,0,0,37.0,47,0.35002042531724054,-61.0,-21.0,5,False
2024-12-07 00:13:15,2,b,-30,7,WPA_PSK,40:14:2B:01:23:45,0,13,15,795,1,2,30.0,51,0.9999999999999998,56.0,44.0,3,False
2024-12-07 00:13:15,2,e,-78,2,WPA_WPA2_PSK,00:1A:70:51:FF:2B,0,13,15,795,0,0,8.0,38,0.10662697037938584,-48.0,-53.0,5,False
2024-12-07 00:13:22,2,b,-58,8,WEP,00:14:27:01:23:4F,0,13,22,802,1,2,7.0,51,0.9999999999999998,20.0,-28.0,2,False
2024-12-07 00:13:22,2,b,-72,6,WPA_WPA2_PSK,00:14:22:01:23:45,0,13,22,802,0,0,0.0,51,0.9999999999999998,-14.0,-14.0,5,True
